Code,Occupation_Name,Nom_de_la_profession,Employment_emploi_2014,Employment_Growth_croissance_emploi,Retirements_retraites,Other_Replacement_autre_remplacement,Total_Job_Openings_Perspective_d'emploi,School_Leavers_Sortants_scolaires,Immigration,Other_Seekers_autres_chercheurs,Job_Seekers_Chercheurs_emploi,Recent_Labour_Market_Conditions,Conditions_récentes_sur_le_marché_du_travail,Future_Labour_Market_Conditions,Conditions_futures_sur_le_marché_du_travail
N0000,All Occupations,Tous les professions,17802300,1449700,3736100,768200,5954000,5026100,1236100,-437500,5824700,N/A,N/D,N/A,N/D
SL_M,Management Occupations,Les professions de la gestion,1610800,65600,505400,83300,654300,194200,91200,330000,615400,N/A,N/D,N/A,N/D
SL_A,Occupations usually require university education.,Une formation universitaire caractérise habituellement les professions.,3370500,469600,693600,150400,1313500,1045100,245400,-58900,1231500,N/A,N/D,N/A,N/D
SL_B,Occupations usually require college or vocational education or apprenticeship training.,Une formation collégiale ou professionnelle ou un programme d'apprentissage caractérise habituellement les professions.,5920500,496100,1205300,246600,1948100,1612600,343700,-5500,1950800,N/A,N/D,N/A,N/D
SL_C,Occupations usually require secondary school and/or occupation-specific training.,Une formation de niveau secondaire et quelques cours de courte durée ou une formation spécifique à la profession,4940800,279100,1019300,210900,1509300,1426600,362700,-319200,1470100,N/A,N/D,N/A,N/D
SL_D,On-the-job training is usually provided for occupations.,Une formation en cours d'emploi caractérise habituellement les professions,1959600,139200,312600,76900,528800,747700,193000,-383800,556900,N/A,N/D,N/A,N/D
ST_SM,Legislators and senior management,Cadres supérieurs ,57000,2100,26100,3600,31800,2000,4700,24100,30800,N/A,N/D,N/A,N/D
ST_1,"Business, finance and administration occupations","Affaires, finance et administration",3107100,164700,797100,137600,1099500,746100,188000,140100,1074200,N/A,N/D,N/A,N/D
ST_2,Natural and applied sciences and related occupations,Sciences naturelles et appliquées et domaines apparentés,1440900,174700,292200,58000,524900,440400,136600,-54600,522300,N/A,N/D,N/A,N/D
ST_3,Health occupations,Secteur de la santé,1253400,236800,258200,55000,549900,394200,96200,-4600,485800,N/A,N/D,N/A,N/D
ST_4,"Occupations in education, law and social, community and government services","Enseignement, droit et services sociaux, communautaires et gouvernementaux",2062500,252400,441400,89100,782900,568000,134700,55200,757900,N/A,N/D,N/A,N/D
ST_5,"Occupations in art, culture, recreation and sport","Arts, culture, sports et loisirs",558100,52300,72100,23000,147400,227100,37500,-78300,186400,N/A,N/D,N/A,N/D
ST_6,Sales and service occupations,Vente et services,4976500,287800,868600,205500,1361800,1645500,391300,-679200,1357700,N/A,N/D,N/A,N/D
ST_7,"Trades, transport and equipment operators and related occupations","Métiers, transport, machinerie et domaines apparentés",2860900,234700,608100,125900,968800,692000,155900,82600,930600,N/A,N/D,N/A,N/D
ST_8,"Natural resources, agriculture and related production occupations","Ressources naturelles, agriculture et production connexe",572800,400,134100,29600,164100,147100,23000,-2900,167200,N/A,N/D,N/A,N/D
ST_9,Occupations in manufacturing and utilities,Fabrication et services d'utilité publique,913000,43900,238200,40800,322900,163800,68100,80200,312000,N/A,N/D,N/A,N/D
N0010,Legislators and senior management,Membres des corps législatifs et cadres supérieurs/cadres supérieures,57000,2100,26100,3600,31800,2000,4700,24100,30800,BALANCE,À L'ÉQUILIBRE,BALANCE,À L'ÉQUILIBRE
N0111,Financial managers,Directeurs financiers/directrices financières.,61600,5100,19100,2800,27000,9200,3500,13800,26500,BALANCE,À L'ÉQUILIBRE,BALANCE,À L'ÉQUILIBRE
N0112,Human resources managers,Directeurs/directrices des ressources humaines.,35800,4300,11200,1700,17200,6100,2000,9300,17400,BALANCE,À L'ÉQUILIBRE,BALANCE,À L'ÉQUILIBRE
N0113,"Purchasing managers & Senior managers - health, education, social and community services and membership organizations",Directeurs/directrices des achats; Directeurs/directrices d'autres services administratifs.,24700,1700,7500,1100,10400,4000,1900,4300,10300,BALANCE,À L'ÉQUILIBRE,BALANCE,À L'ÉQUILIBRE
N0121,"Insurance, real estate and financial brokerage managers","Directeurs/directrices des assurances, de l'immobilier et du courtage financier.",23600,1700,7400,1000,10200,2600,1900,5400,9800,BALANCE,À L'ÉQUILIBRE,BALANCE,À L'ÉQUILIBRE
N0122,"Banking, credit and other investment managers","Directeurs/directrices de banque, du crédit et d'autres services de placements.",47400,3600,15000,2100,20700,7600,4300,8400,20300,BALANCE,À L'ÉQUILIBRE,BALANCE,À L'ÉQUILIBRE
N0124,"Advertising, marketing and public relations managers & Other business services managers","Directeurs/directrices de la publicité, du marketing et des relations publiques; Directeurs/directrices d'autres services aux entreprises.",43200,2000,12800,1800,16600,9000,3000,4000,16000,BALANCE,À L'ÉQUILIBRE,BALANCE,À L'ÉQUILIBRE
N0130,Managers in communication (except broadcasting),Directeurs/directrices des services de communications (sauf la radiotélédiffusion),12200,-1100,4000,500,3500,1900,900,400,3200,SURPLUS,SURPLUS,SURPLUS,SURPLUS
N0211,Engineering managers & Architecture and science managers,Directeurs/directrices des services de génie; Directeurs/directrices des services d'architecture et de sciences.,36700,7500,10100,1700,19300,8500,2400,8400,19200,BALANCE,À L'ÉQUILIBRE,BALANCE,À L'ÉQUILIBRE
N0213,Computer and information systems managers,Gestionnaires des systèmes informatiques.,55500,12200,15600,2600,30300,6100,5100,18800,30000,BALANCE,À L'ÉQUILIBRE,BALANCE,À L'ÉQUILIBRE
N0311,Managers in health care,Directeurs/directrices des soins de santé.,29300,5100,12700,1500,19300,2600,1000,15500,19100,BALANCE,À L'ÉQUILIBRE,BALANCE,À L'ÉQUILIBRE
N0410,Managers in public administration,Directeurs/directrices de la fonction publique,30400,2000,10800,1400,14300,2300,600,10600,13500,BALANCE,À L'ÉQUILIBRE,BALANCE,À L'ÉQUILIBRE
N0421,Administrators - post-secondary education and vocational training,Administrateurs/administratrices - enseignement postsecondaire et formation professionnelle  .,8700,1200,3700,400,5400,200,800,4300,5300,BALANCE,À L'ÉQUILIBRE,BALANCE,À L'ÉQUILIBRE
N0422,School principals and administrators of elementary and secondary education,Directeurs/directrices d'école et administrateurs/administratrices de programmes d'enseignement aux niveaux primaire et secondaire.,27500,2500,11500,1300,15300,1100,500,13400,15000,BALANCE,À L'ÉQUILIBRE,BALANCE,À L'ÉQUILIBRE
N0423,"Managers in social, community and correctional services","Directeurs/directrices des services sociaux, communautaires et correctionnels.",32800,3900,13800,1600,19400,3800,900,14500,19100,BALANCE,À L'ÉQUILIBRE,BALANCE,À L'ÉQUILIBRE
N0430,Managers in public protection services,Directeurs/directrices des services de la protection du public,4100,400,2100,200,2700,100,500,2200,2800,BALANCE,À L'ÉQUILIBRE,BALANCE,À L'ÉQUILIBRE
N0510,"Managers in art, culture, recreation and sport","Directeurs/directrices des arts, de la culture, des sports et des loisirs",13000,600,4700,700,5900,2800,1500,1800,6200,BALANCE,À L'ÉQUILIBRE,BALANCE,À L'ÉQUILIBRE
N0601,Corporate sales managers,Directeurs/directrices des ventes corporatives.,25100,500,7300,1000,8800,5000,2100,1200,8300,BALANCE,À L'ÉQUILIBRE,BALANCE,À L'ÉQUILIBRE
N0621,Retail and wholesale trade managers,Directeurs/directrices - commerce de détail et de gros.,343600,-21200,108500,16900,104100,48000,22100,23100,93200,BALANCE,À L'ÉQUILIBRE,BALANCE,À L'ÉQUILIBRE
N0631,Restaurant and food service managers,Directeurs/directrices de la restauration et des services alimentaires.,110500,2400,23700,6100,32200,17200,10500,2100,29800,BALANCE,À L'ÉQUILIBRE,BALANCE,À L'ÉQUILIBRE
N0632,Accommodation service managers,Directeurs/directrices des services d'hébergement.,58700,4900,12900,3300,21100,4300,1500,14500,20200,BALANCE,À L'ÉQUILIBRE,BALANCE,À L'ÉQUILIBRE
N0651,"Managers in customer and personal services, n.e.c.","Directeurs/directrices du service à la clientèle et des services personnels, n.c.a..",15200,1000,5300,700,7000,2600,1700,2800,7000,BALANCE,À L'ÉQUILIBRE,BALANCE,À L'ÉQUILIBRE
N0711,Construction managers,Directeurs/directrices de la construction.,64100,4900,18700,3100,26800,11800,4700,9500,26000,BALANCE,À L'ÉQUILIBRE,BALANCE,À L'ÉQUILIBRE
N0712,Home building and renovation managers,Gestionnaires et rénovateurs/rénovatrices en construction domiciliaire.,132300,17000,39700,6700,63400,13700,2700,41000,57400,BALANCE,À L'ÉQUILIBRE,BALANCE,À L'ÉQUILIBRE
N0714,Facility operation and maintenance managers,Directeurs/directrices de l'exploitation et de l'entretien d'immeubles.,32400,600,10500,1700,12800,3500,2000,6500,12000,BALANCE,À L'ÉQUILIBRE,BALANCE,À L'ÉQUILIBRE
N0731,Managers in transportation,Directeurs/directrices des transports.,22900,1900,6800,1100,9900,1800,1800,6200,9800,BALANCE,À L'ÉQUILIBRE,BALANCE,À L'ÉQUILIBRE
N0811,Managers in natural resources production and fishing,Directeurs/directrices de l'exploitation des ressources naturelles et de la pêche.,12700,400,3800,600,4800,1500,500,2700,4700,BALANCE,À L'ÉQUILIBRE,BALANCE,À L'ÉQUILIBRE
N0820,"Managers in agriculture, horticulture and aquaculture","Gestionnaires en agriculture, horticulture et en aquaculture",173600,-6100,55700,12200,61800,10000,3700,40000,53700,BALANCE,À L'ÉQUILIBRE,BALANCE,À L'ÉQUILIBRE
N0910,Managers in manufacturing and utilities,Directeurs/directrices de la fabrication et des services d'utilité publique,76100,4400,24300,3800,32500,5100,2500,21300,28900,BALANCE,À L'ÉQUILIBRE,BALANCE,À L'ÉQUILIBRE
N1111,Financial auditors and accountants,Vérificateurs/vérificatrices et comptables.,196300,20800,45000,9200,75100,57900,17000,-3500,71300,BALANCE,À L'ÉQUILIBRE,BALANCE,À L'ÉQUILIBRE
N1112,Financial and investment analysts,Analystes financiers/analystes financières et analystes en placements.,69800,12100,16700,3500,32300,31700,4700,-5200,31300,BALANCE,À L'ÉQUILIBRE,BALANCE,À L'ÉQUILIBRE
N1113,"Securities agents, investment dealers and brokers","Agents/agentes en valeurs, agents/agentes en placements et négociateurs/négociatrices en valeurs.",21700,900,4800,1000,6700,6800,1800,-1900,6700,BALANCE,À L'ÉQUILIBRE,BALANCE,À L'ÉQUILIBRE
N1114,Other financial officers,Autres agents financiers/agentes financières.,109100,7600,24700,5000,37300,26500,6100,3900,36500,BALANCE,À L'ÉQUILIBRE,BALANCE,À L'ÉQUILIBRE
N1121,Human resources professionals,Professionnels/professionnelles en ressources humaines.,80100,13900,22200,4100,40200,20900,2800,15100,38900,BALANCE,À L'ÉQUILIBRE,BALANCE,À L'ÉQUILIBRE
N1122,Professional occupations in business management consulting,Professionnels/professionnelles des services-conseils en gestion aux entreprises.,92800,18400,26100,4900,49300,22500,5900,15800,44300,BALANCE,À L'ÉQUILIBRE,SHORTAGE,PÉNURIE
N1123,"Professional occupations in advertising, marketing and public relations","Professionnels/professionnelles en publicité, en marketing et en relations publiques.",102700,15000,20500,4800,40300,40900,8500,-6100,43300,BALANCE,À L'ÉQUILIBRE,BALANCE,À L'ÉQUILIBRE
N1211,"Supervisors, general office and administrative support workers",Superviseurs/superviseures de commis de bureau et du personnel de soutien administratif.,20000,800,5600,800,7200,2500,300,4200,6900,BALANCE,À L'ÉQUILIBRE,BALANCE,À L'ÉQUILIBRE
N1212,"Supervisors, finance and insurance office workers",Superviseurs/superviseures de commis de finance et d'assurance.,51000,7000,14700,2200,24000,8500,800,14200,23500,BALANCE,À L'ÉQUILIBRE,BALANCE,À L'ÉQUILIBRE
N1213,"Supervisors, library, correspondence and related information workers; Supervisors, mail and message distribution occupations & Supervisors, supply chain, tracking and scheduling co-ordination occupations","Superviseurs/superviseures de commis de bibliothèque, de correspondanciers et d'autres commis à l'information; Superviseurs/superviseures de services postaux et de messageries; Superviseurs/superviseures du personnel de coordination de la chaîne d'approvisionnement, du suivi et des horaires.",85800,6200,23900,3600,33700,12600,3200,17800,33500,BALANCE,À L'ÉQUILIBRE,BALANCE,À L'ÉQUILIBRE
N1221,Administrative officers,Agents/agentes d'administration.,242100,30400,62900,10700,104000,43900,12700,44200,100800,BALANCE,À L'ÉQUILIBRE,BALANCE,À L'ÉQUILIBRE
N1222,Executive assistants,Adjoints/adjointes de direction.,38500,3700,9900,1700,15300,6600,2300,5700,14600,BALANCE,À L'ÉQUILIBRE,BALANCE,À L'ÉQUILIBRE
N1223,Human resources and recruitment officers,Agents/agentes des ressources humaines et de recrutement.,38000,4000,9700,1700,15400,18000,2400,-4300,16100,BALANCE,À L'ÉQUILIBRE,BALANCE,À L'ÉQUILIBRE
N1224,Property administrators,Agents/agentes de gestion immobilière.,30500,1300,7600,1300,10200,4200,2800,3100,10100,BALANCE,À L'ÉQUILIBRE,BALANCE,À L'ÉQUILIBRE
N1225,Purchasing agents and officers,Agents/agentes aux achats.,59100,6000,15100,2600,23700,12400,3000,8000,23400,BALANCE,À L'ÉQUILIBRE,BALANCE,À L'ÉQUILIBRE
N1226,Conference and event planners,Planificateurs/planificatrices de congrès et d'événements.,20900,2500,5400,900,8900,10500,1300,-1800,10000,BALANCE,À L'ÉQUILIBRE,SURPLUS,SURPLUS
N1227,"Court officers and justices of the peace & Employment insurance, immigration, border services and revenue officers","Juges de paix et officiers/officières de justice; Agents/agentes d'assurance-emploi, d'immigration, de services frontaliers et du revenu.",41300,4000,10500,1800,16300,10200,900,5600,16700,BALANCE,À L'ÉQUILIBRE,BALANCE,À L'ÉQUILIBRE
N1241,Administrative assistants,Adjoints administratifs/adjointes administratives.,96700,-25200,32000,4100,10900,13000,12400,-16400,9100,SURPLUS,SURPLUS,SURPLUS,SURPLUS
N1242,Legal administrative assistants,Adjoints administratifs juridiques/adjointes administratives juridiques.,42000,-600,10000,1700,11200,12700,2000,-4100,10500,BALANCE,À L'ÉQUILIBRE,BALANCE,À L'ÉQUILIBRE
N1243,Medical administrative assistants,Adjoints administratifs médicaux/adjointes administratives médicales.,37900,-400,15600,1900,17200,5900,400,9600,15900,BALANCE,À L'ÉQUILIBRE,BALANCE,À L'ÉQUILIBRE
N1250,"Court reporters, transcriptionists, records management technician And statistical officers","Sténographes judiciaires, transcripteurs/transcriptrices, techniciens/techniciennes à la gestion des documents et agents/agentes de statistiques",27300,1800,7500,1300,10600,7900,800,2600,11300,BALANCE,À L'ÉQUILIBRE,BALANCE,À L'ÉQUILIBRE
N1311,Accounting technician and bookkeepers,Techniciens/techniciennes en comptabilité et teneurs/teneuses de livres.,146400,5200,34800,7400,47400,17900,6700,19300,43800,BALANCE,À L'ÉQUILIBRE,BALANCE,À L'ÉQUILIBRE
N1312,"Insurance adjusters and claims examiners; Insurance underwriters; Assessors, valuators and appraisers & Customs, ship and other brokers","Experts/expertes en sinistres et rédacteurs/rédactrices sinistres; Assureurs/assureures; Estimateurs/estimatrices et évaluateurs/évaluatrices; Courtiers/courtières en douanes, courtiers maritimes/courtières maritimes et autres courtiers/courtières.",56500,3700,13700,2900,20300,13500,2900,3500,20000,BALANCE,À L'ÉQUILIBRE,BALANCE,À L'ÉQUILIBRE
N1411,General office support workers,Employés de soutien de bureau généraux/employées de soutien de bureau générales.,243600,-11300,58800,9700,57200,68200,20300,-29300,59200,BALANCE,À L'ÉQUILIBRE,BALANCE,À L'ÉQUILIBRE
N1414,Receptionists,Réceptionnistes.,181100,11800,39300,8000,59100,66000,7100,-15200,57800,BALANCE,À L'ÉQUILIBRE,BALANCE,À L'ÉQUILIBRE
N1415,Personnel  and Court clerks,Commis des services du personnel et des services judiciaires.,11400,700,3100,500,4200,4500,800,-1300,4000,SURPLUS,SURPLUS,SURPLUS,SURPLUS
N1422,Data entry clerks & Desktop publishing operators and related occupations,Commis à la saisie de données; Opérateurs/opératrices d'équipement d'éditique et personnel assimilé.,46000,-2600,10900,1700,9900,17600,3000,-8500,12100,SURPLUS,SURPLUS,SURPLUS,SURPLUS
N1431,Accounting and related clerks,Commis à la comptabilité et personnel assimilé.,161600,-3400,45800,6700,49100,31900,8700,5800,46300,BALANCE,À L'ÉQUILIBRE,BALANCE,À L'ÉQUILIBRE
N1432,Payroll clerks,Commis à la paye.,51200,3800,15000,2200,21000,7400,1600,11900,20800,BALANCE,À L'ÉQUILIBRE,BALANCE,À L'ÉQUILIBRE
N1434,"Banking, insurance and other financial clerks & Collectors","Commis de banque, d'assurance et d'autres services financiers; Agents/agentes de recouvrement.",52100,-300,14800,2200,16700,14500,3500,1400,19400,BALANCE,À L'ÉQUILIBRE,SURPLUS,SURPLUS
N1450,"Library, correspondence and other clerks","Commis de bibliothèque, de correspondance et autres commis",65900,700,16600,2700,20000,20200,1500,-2800,19000,BALANCE,À L'ÉQUILIBRE,BALANCE,À L'ÉQUILIBRE
N1511,"Mail, postal and related workers",Commis au courrier et aux services postaux et personnel assimilé.,31200,-1700,9300,1400,9000,3800,1900,2800,8500,BALANCE,À L'ÉQUILIBRE,BALANCE,À L'ÉQUILIBRE
N1512,Letter carriers,Facteurs/factrices.,29600,1100,9200,1400,11700,2500,600,8100,11200,BALANCE,À L'ÉQUILIBRE,BALANCE,À L'ÉQUILIBRE
N1513,"Couriers, messengers and door-to-door distributors",Messagers/messagères et distributeurs/distributrices porte-à-porte.,35700,700,11000,1600,13300,5400,1700,6600,13700,BALANCE,À L'ÉQUILIBRE,BALANCE,À L'ÉQUILIBRE
N1521,Shippers and receivers,Expéditeurs/expéditrices et réceptionnaires.,118300,1500,22900,4600,29100,24500,11200,-8500,27200,BALANCE,À L'ÉQUILIBRE,BALANCE,À L'ÉQUILIBRE
N1522,Storekeepers and partspersons; Production logistics co-ordinators & Purchasing and inventory control workers,Magasiniers/magasinières et commis aux pièces; Coordonnateurs/coordonnatrices de la logistique de la production; Commis aux achats et au contrôle de l'inventaire.,84100,5000,16600,3300,24900,22500,5700,-5600,22500,BALANCE,À L'ÉQUILIBRE,BALANCE,À L'ÉQUILIBRE
N1525,Dispatchers & Transportation route and crew schedulers,Répartiteurs/répartitrices; Horairistes de trajets et d'équipages.,40200,1800,7900,1600,11200,9400,1200,-100,10500,BALANCE,À L'ÉQUILIBRE,BALANCE,À L'ÉQUILIBRE
N2110,Physical science professionals,Professionnels/professionnelles des sciences physiques,31900,3000,5800,1300,10200,12000,4700,-6900,9900,BALANCE,À L'ÉQUILIBRE,BALANCE,À L'ÉQUILIBRE
N2120,Life science professionals,Professionnels/professionnelles des sciences de la vie,30500,4000,5100,1300,10400,11000,2800,-4000,9800,SHORTAGE,PÉNURIE,SHORTAGE,PÉNURIE
N2131,Civil engineers,Ingénieurs civils/ingénieures civiles.,44400,5600,9800,1700,17000,23500,7100,-14000,16600,BALANCE,À L'ÉQUILIBRE,BALANCE,À L'ÉQUILIBRE
N2132,Mechanical engineers,Ingénieurs mécaniciens/ingénieures mécaniciennes.,37400,4000,8100,1400,13600,15000,5100,-6700,13400,BALANCE,À L'ÉQUILIBRE,BALANCE,À L'ÉQUILIBRE
N2133,Electrical and electronics engineers,Ingénieurs électriciens et électroniciens/ingénieures électriciennes et électroniciennes.,35300,700,7400,1300,9300,12400,6100,-9500,9000,BALANCE,À L'ÉQUILIBRE,BALANCE,À L'ÉQUILIBRE
N2134,Chemical engineers,Ingénieurs chimistes/ingénieures chimistes.,10200,1600,2300,400,4300,3700,1600,-1200,4200,BALANCE,À L'ÉQUILIBRE,BALANCE,À L'ÉQUILIBRE
N2141,Industrial and manufacturing engineers & Metallurgical and materials engineers,Ingénieurs/ingénieures d'industrie et de fabrication; Ingénieurs/ingénieures métallurgistes et des matériaux.,13900,1700,2900,600,5200,4000,2600,-1700,4900,BALANCE,À L'ÉQUILIBRE,BALANCE,À L'ÉQUILIBRE
N2143,Mining engineers; Geological engineers & Petroleum engineers,Ingénieurs miniers/ingénieures minières; Ingénieurs géologues/ingénieures géologues; Ingénieurs/ingénieures de l'extraction et du raffinage du pétrole.,19500,2000,4000,900,6800,11000,2300,-6600,6700,BALANCE,À L'ÉQUILIBRE,BALANCE,À L'ÉQUILIBRE
N2146,"Aerospace engineers & Other professional engineers, n.e.c.","Ingénieurs/ingénieures en aérospatiale; Autres ingénieurs/ingénieures, n.c.a..",39200,4600,7900,1800,14300,11200,1500,-1300,11400,BALANCE,À L'ÉQUILIBRE,SHORTAGE,PÉNURIE
N2147,Computer engineers (except software engineers and designers),Ingénieurs informaticiens/ingénieures informaticiennes (sauf ingénieurs/ingénieures et concepteurs/conceptrices en logiciel).,22600,4700,4800,1100,10600,6300,4700,300,11400,BALANCE,À L'ÉQUILIBRE,BALANCE,À L'ÉQUILIBRE
N2151,Architects,Architectes.,17200,2100,4600,800,7500,4200,1900,1100,7200,BALANCE,À L'ÉQUILIBRE,BALANCE,À L'ÉQUILIBRE
N2152,Landscape architects; Urban and land use planners & Land surveyors,Architectes paysagistes; Urbanistes et planificateurs/planificatrices de l'utilisation des sols; Arpenteurs-géomètres/arpenteuses-géomètres.,20600,1700,5500,900,8100,5700,1200,1000,7900,BALANCE,À L'ÉQUILIBRE,BALANCE,À L'ÉQUILIBRE
N2161,"Mathematicians, statisticians and actuaries","Mathématiciens/mathématiciennes, statisticiens/statisticiennes et actuaires.",12600,1300,1400,500,3100,5200,1000,-3000,3200,SHORTAGE,PÉNURIE,SHORTAGE,PÉNURIE
N2171,Information systems analysts and consultants,Analystes et consultants/consultantes en informatique.,175200,36800,25700,7000,69500,34500,18700,12300,65500,BALANCE,À L'ÉQUILIBRE,BALANCE,À L'ÉQUILIBRE
N2172,Database analysts and data administrators,Analystes de bases de données et administrateurs/administratrices de données.,29600,7900,4500,1200,13600,9800,2000,1800,13600,BALANCE,À L'ÉQUILIBRE,BALANCE,À L'ÉQUILIBRE
N2173,Software engineers and designers,Ingénieurs/ingénieures et concepteurs/conceptrices en logiciel.,48400,9600,7100,1900,18600,18400,7200,-7500,18200,SHORTAGE,PÉNURIE,SHORTAGE,PÉNURIE
N2174,Computer programmers and interactive media developers,Programmeurs/programmeuses et développeurs/développeuses en médias interactifs.,151000,23000,21700,5900,50500,57300,15100,-14900,57400,BALANCE,À L'ÉQUILIBRE,SURPLUS,SURPLUS
N2175,Web designers and developers,Concepteurs/conceptrices et développeurs/développeuses Web.,29500,6200,4400,1200,11700,11900,2900,-3000,11800,BALANCE,À L'ÉQUILIBRE,BALANCE,À L'ÉQUILIBRE
N2210,Technical occupations in physical sciences,Personnel technique des sciences physiques,30600,2400,6700,1100,10100,13600,3100,-6700,9900,BALANCE,À L'ÉQUILIBRE,BALANCE,À L'ÉQUILIBRE
N2221,Biological technologists and technician,Technologues et techniciens/techniciennes en biologie.,14000,1200,3300,500,5100,7200,600,-2600,5200,BALANCE,À L'ÉQUILIBRE,BALANCE,À L'ÉQUILIBRE
N2222,Agricultural and fish products inspectors; Forestry technologists and technician & Conservation and fishery officers,Inspecteurs/inspectrices des produits agricoles et de la pêche; Technologues et techniciens/techniciennes en sciences forestières; Techniciens/techniciennes du milieu naturel et de la pêche.,14300,600,3400,600,4500,4000,500,-100,4300,BALANCE,À L'ÉQUILIBRE,BALANCE,À L'ÉQUILIBRE
N2225,Landscape and horticulture technician and specialists,Techniciens/techniciennes et spécialistes de l'aménagement paysager et de l'horticulture.,12000,900,2900,500,4300,3100,700,0,3800,BALANCE,À L'ÉQUILIBRE,BALANCE,À L'ÉQUILIBRE
N2231,Civil engineering technologists and technician,Technologues et techniciens/techniciennes en génie civil.,27200,3000,6600,1100,10700,14300,1400,-4700,11100,BALANCE,À L'ÉQUILIBRE,BALANCE,À L'ÉQUILIBRE
N2232,Mechanical engineering technologists and technician,Technologues et techniciens/techniciennes en génie mécanique.,18900,2300,4700,800,7700,5000,1300,1100,7400,SHORTAGE,PÉNURIE,SHORTAGE,PÉNURIE
N2233,Industrial engineering and manufacturing technologists and technician,Technologues et techniciens/techniciennes en génie industriel et en génie de fabrication.,15700,1200,3800,600,5600,3400,1800,400,5600,BALANCE,À L'ÉQUILIBRE,BALANCE,À L'ÉQUILIBRE
N2234,Construction estimators,Estimateurs/estimatrices en construction.,17600,1600,4300,700,6600,3300,1000,1200,5400,BALANCE,À L'ÉQUILIBRE,SHORTAGE,PÉNURIE
N2241,Electrical and electronics engineering technologists and technician,Technologues et techniciens/techniciennes en génie électronique et électrique.,31200,-300,8200,1200,9100,8600,2800,-2400,9100,BALANCE,À L'ÉQUILIBRE,BALANCE,À L'ÉQUILIBRE
N2242,Electronic service technician (household and business equipment),Électroniciens/électroniciennes d'entretien (biens domestiques et commerciaux).,59800,-8400,14500,2100,8200,13200,4200,-6400,11100,BALANCE,À L'ÉQUILIBRE,SURPLUS,SURPLUS
N2243,"Industrial instrument technician and mechanics & Aircraft instrument, electrical and avionics mechanics, technician and inspectors","Techniciens/techniciennes et mécaniciens/mécaniciennes d'instruments industriels; Mécaniciens/mécaniciennes, techniciens/techniciennes et contrôleurs/contrôleuses d'avionique et d'instruments et d'appareillages électriques d'aéronefs.",18500,1400,5100,800,7200,5400,700,1100,7200,SHORTAGE,PÉNURIE,SHORTAGE,PÉNURIE
N2250,"Technical occupations in architecture, drafting, surveying, geomatics","Personnel technique en architecture, en dessin, en arpentage, en géomatique et en météorologie",61900,2700,13100,2400,18200,22000,4600,-9500,17100,BALANCE,À L'ÉQUILIBRE,BALANCE,À L'ÉQUILIBRE
N2261,Non-destructive testers and inspection technician; Engineering inspectors and regulatory officers & Inspectors in public and environmental health and occupational health and safety,"Vérificateurs/vérificatrices et essayeurs/essayeuses des essais non destructifs; Inspecteurs/inspectrices d'ingénierie et officiers/officières de réglementation; Inspecteurs/inspectrices de la santé publique, de l'environnement et de l'hygiène et de la sécurité au travail.",49100,10200,15200,2200,27600,12400,1600,13900,27900,BALANCE,À L'ÉQUILIBRE,BALANCE,À L'ÉQUILIBRE
N2264,Construction inspectors,Inspecteurs/inspectrices en construction.,18900,1300,5500,800,7500,2800,800,3400,7000,BALANCE,À L'ÉQUILIBRE,BALANCE,À L'ÉQUILIBRE
N2270,Transportation officers and controllers,Officiers/officières et contrôleurs/contrôleuses des services de transport,30600,1600,8400,1400,11400,4500,1400,1700,7600,BALANCE,À L'ÉQUILIBRE,SHORTAGE,PÉNURIE
N2281,Computer network technician,Techniciens/techniciennes de réseau informatique.,66200,7900,11900,2500,22300,14600,6500,800,21900,BALANCE,À L'ÉQUILIBRE,BALANCE,À L'ÉQUILIBRE
N2282,User support technician & Information systems testing technician,Agents/agentes de soutien aux utilisateurs; Évaluateurs/évaluatrices de systèmes informatiques.,93200,5100,16300,3400,24800,31100,7600,-9400,29300,BALANCE,À L'ÉQUILIBRE,SURPLUS,SURPLUS
N3011,Nursing co-ordinators and supervisors,Coordonnateurs/coordonnatrices et superviseurs/superviseures des soins infirmiers.,20900,4500,4700,900,10100,3100,400,6500,10100,BALANCE,À L'ÉQUILIBRE,BALANCE,À L'ÉQUILIBRE
N3012,Registered nurses and registered psychiatric nurses,Infirmiers autorisés/infirmières autorisées et infirmiers psychiatriques autorisés/infirmières psychiatriques autorisées.,296900,60500,66600,12600,139700,112400,20400,-18800,114000,SHORTAGE,PÉNURIE,SHORTAGE,PÉNURIE
N3111,Specialist physicians,Médecins spécialistes.,37900,11000,8000,2500,21500,7400,4500,1200,13100,BALANCE,À L'ÉQUILIBRE,SHORTAGE,PÉNURIE
N3112,General practitioners and family physicians,Omnipraticiens/omnipraticiennes et médecins en médecine familiale.,53000,13900,11000,3400,28300,11000,4600,-3500,12100,SHORTAGE,PÉNURIE,SHORTAGE,PÉNURIE
N3113,Dentists,Dentistes.,17100,2600,3400,1000,7000,4300,900,200,5400,BALANCE,À L'ÉQUILIBRE,SHORTAGE,PÉNURIE
N3114,Veterinarians,Vétérinaires.,8400,600,1600,500,2800,2400,700,-200,3000,BALANCE,À L'ÉQUILIBRE,BALANCE,À L'ÉQUILIBRE
N3120,"Optometrists, chiropractors and other health diagnosing and treating professionals","Optométristes, chiropraticiens/chiropraticiennes et autres professionnels/professionnelles en diagnostic et en traitement de la santé",27400,4500,4700,1300,10400,6000,1200,-700,6400,BALANCE,À L'ÉQUILIBRE,SHORTAGE,PÉNURIE
N3131,Pharmacists,Pharmaciens/pharmaciennes.,33700,4200,5800,1300,11300,10500,3500,-3000,11000,SHORTAGE,PÉNURIE,SHORTAGE,PÉNURIE
N3132,Dietitians and nutritionists,Diététistes et nutritionnistes.,11500,1700,2000,500,4200,5000,600,-1200,4400,SHORTAGE,PÉNURIE,SHORTAGE,PÉNURIE
N3141,Audiologists and speech-language pathologists,Audiologistes et orthophonistes.,13300,2700,1900,600,5200,4900,600,-500,5000,SHORTAGE,PÉNURIE,SHORTAGE,PÉNURIE
N3142,Physiotherapists,Physiothérapeutes.,27000,5800,3900,1100,10900,9300,1800,-100,11000,BALANCE,À L'ÉQUILIBRE,BALANCE,À L'ÉQUILIBRE
N3143,Occupational therapists & Other professional occupations in therapy and assessment,Ergothérapeutes; Autres professionnels/professionnelles en thérapie et en diagnostic.,22100,4500,3400,900,8800,10300,1100,-2900,8500,BALANCE,À L'ÉQUILIBRE,BALANCE,À L'ÉQUILIBRE
N3211,Medical laboratory technologists & Medical laboratory technician and pathologists' assistants,Technologues de laboratoires médicaux; Techniciens/techniciennes de laboratoire médical et assistants/assistantes en pathologie.,45600,6400,7700,1800,15900,14000,3900,-2300,15600,BALANCE,À L'ÉQUILIBRE,BALANCE,À L'ÉQUILIBRE
N3213,Animal health technologists and veterinary technician,Technologues en santé animale et techniciens/techniciennes vétérinaires.,13600,2800,2400,600,5700,8400,1000,-3700,5600,SHORTAGE,PÉNURIE,SHORTAGE,PÉNURIE
N3214,"Respiratory therapists, clinical perfusionists and cardiopulmonary technologists; Medical radiation technologists & Medical sonographers","Inhalothérapeutes, perfusionnistes cardiovasculaires et technologues cardiopulmonaires; Technologues en radiation médicale; Technologues en échographie.",35000,6200,6000,1400,13600,15400,1900,-3900,13300,BALANCE,À L'ÉQUILIBRE,BALANCE,À L'ÉQUILIBRE
N3217,"Cardiology technologists and electrophysiological diagnostic technologists, n.e.c. & Other medical technologists and technician (except dental health)","Technologues en cardiologie et technologues en électrophysiologie diagnostique, n.c.a.; Autres technologues et techniciens/techniciennes des sciences de la santé (sauf soins dentaires).",56200,9100,11700,2400,23200,19300,4600,-1600,22300,BALANCE,À L'ÉQUILIBRE,BALANCE,À L'ÉQUILIBRE
N3220,Technical occupations in dental health care,Personnel technique en soins dentaires,33000,4400,4500,1200,10000,11900,2100,-3100,10900,BALANCE,À L'ÉQUILIBRE,BALANCE,À L'ÉQUILIBRE
N3231,Opticians,Opticiens/opticiennes d'ordonnances.,8300,900,1300,300,2500,1600,400,-400,1600,BALANCE,À L'ÉQUILIBRE,SHORTAGE,PÉNURIE
N3232,Practitioners of natural healing; Massage therapists & Other technical occupations in therapy and assessment,Praticiens/praticiennes des médecines douces; Massothérapeutes; Autre personnel technique en thérapie et en diagnostic.,44700,9400,7600,1800,18700,12600,2800,3500,18900,SHORTAGE,PÉNURIE,SHORTAGE,PÉNURIE
N3233,Licensed practical nurses,Infirmiers auxiliaires/infirmières auxiliaires.,75200,10700,12300,2900,25900,26900,3600,-9000,21500,BALANCE,À L'ÉQUILIBRE,SHORTAGE,PÉNURIE
N3234,Paramedical occupations,Personnel ambulancier et paramédical.,26100,5100,4400,1000,10500,11600,700,-2300,10000,BALANCE,À L'ÉQUILIBRE,BALANCE,À L'ÉQUILIBRE
N3411,Dental assistants,Assistants/assistantes dentaires.,35100,3300,7500,1400,12300,15100,3000,-4200,13900,BALANCE,À L'ÉQUILIBRE,SURPLUS,SURPLUS
N3413,"Nurse aides, orderlies and patient service associates & Other assisting occupations in support of health services","Aides-infirmiers/aides-infirmières, aides-soignants/aides-soignantes et préposés/préposées aux bénéficiaires; Autre personnel de soutien des services de santé.",282100,56800,63200,12200,132200,68200,30800,30100,129100,BALANCE,À L'ÉQUILIBRE,BALANCE,À L'ÉQUILIBRE
N4011,University professors and lecturers,Professeurs/professeures et chargés/chargées de cours au niveau universitaire.,62900,10100,17700,4100,31900,7300,7600,16600,31500,BALANCE,À L'ÉQUILIBRE,BALANCE,À L'ÉQUILIBRE
N4012,Post-secondary teaching and research assistants,Assistants/assistantes d'enseignement et de recherche au niveau postsecondaire.,69000,9600,3200,1700,14500,24600,6400,-16100,14900,BALANCE,À L'ÉQUILIBRE,BALANCE,À L'ÉQUILIBRE
N4021,College and other vocational instructors,Enseignants/enseignantes au niveau collégial et autres instructeurs/instructrices en formation professionnelle.,112300,15000,36000,6000,57100,19900,5700,25300,50900,BALANCE,À L'ÉQUILIBRE,SHORTAGE,PÉNURIE
N4031,Secondary school teachers,Enseignants/enseignantes au niveau secondaire.,154300,8200,30100,5700,44000,44000,4500,-5500,43000,BALANCE,À L'ÉQUILIBRE,BALANCE,À L'ÉQUILIBRE
N4032,Elementary school and kindergarten teachers,Enseignants/enseignantes aux niveaux primaire et préscolaire.,282100,30900,56100,10800,97700,100500,5700,-9000,97300,BALANCE,À L'ÉQUILIBRE,BALANCE,À L'ÉQUILIBRE
N4033,Educational counsellors,Conseillers/conseillères en information scolaire.,17700,1700,3500,700,5900,3600,800,1600,6100,BALANCE,À L'ÉQUILIBRE,BALANCE,À L'ÉQUILIBRE
N4110,"Judges, lawyers and Quebec notaries","Juges, avocats/avocates (partout au Canada) et notaires (au Québec)",96500,9500,18000,5300,32700,24600,2100,1400,28100,BALANCE,À L'ÉQUILIBRE,BALANCE,À L'ÉQUILIBRE
N4151,Psychologists,Psychologues.,21600,3500,5500,1100,10000,3800,900,4100,8800,BALANCE,À L'ÉQUILIBRE,SHORTAGE,PÉNURIE
N4152,Social workers & Probation and parole officers and related occupations,Travailleurs sociaux/travailleuses sociales; Agents/agentes de probation et de libération conditionnelle et personnel assimilé.,67900,10900,17200,3400,31500,23500,1900,5100,30500,BALANCE,À L'ÉQUILIBRE,BALANCE,À L'ÉQUILIBRE
N4153,"Family, marriage and other related counsellors","Thérapeutes conjugaux/thérapeutes conjugales, thérapeutes familiaux/thérapeutes familiales et autres conseillers assimilés/conseillères assimilées.",41600,4000,10200,2000,16200,13700,900,1400,16000,BALANCE,À L'ÉQUILIBRE,BALANCE,À L'ÉQUILIBRE
N4154,Professional occupations in religion,Personnel professionnel relié à la religion.,30400,1600,7300,1400,10400,4000,2600,2600,9100,BALANCE,À L'ÉQUILIBRE,BALANCE,À L'ÉQUILIBRE
N4156,Employment counsellors,Conseillers/conseillères en emploi.,20400,900,3100,800,4700,3100,1400,400,4900,BALANCE,À L'ÉQUILIBRE,BALANCE,À L'ÉQUILIBRE
N4161,"Natural and applied science policy researchers, consultants and program officers","Recherchistes, experts-conseils/expertes-conseils et agents/agentes de programmes, en sciences naturelles et appliquées.",26600,3300,5200,1100,9600,10900,1400,-1200,11100,BALANCE,À L'ÉQUILIBRE,SURPLUS,SURPLUS
N4162,Economists and economic policy researchers and analysts & Business development officers and marketing researchers and consultants,"Économistes, recherchistes et analystes des politiques économiques; Agents/agentes de développement économique, recherchistes et experts-conseils/expertes-conseils en marketing.",43600,5000,8600,1800,15400,17800,4900,-8200,14500,BALANCE,À L'ÉQUILIBRE,BALANCE,À L'ÉQUILIBRE
N4164,"Social policy researchers, consultants and program officers & Health policy researchers, consultants and program officers","Recherchistes, experts-conseils/expertes-conseils et agents/agentes de programmes en politiques sociales; Recherchistes, experts-conseils/expertes-conseils et agents/agentes de programmes en politiques de la santé.",68200,11600,13700,2900,28200,21900,3600,2300,27700,BALANCE,À L'ÉQUILIBRE,BALANCE,À L'ÉQUILIBRE
N4166,"Education policy researchers, consultants and program officers & Recreation, sports and fitness policy researchers, consultants and program officers","Recherchistes, experts-conseils/expertes-conseils et agents/agentes de programmes en politiques de l'enseignement; Recherchistes, experts-conseils/expertes-conseils et agents/agentes de programme en sports, en loisirs et en conditionnement physique.",28200,2900,5500,1200,9600,8500,1300,-600,9200,BALANCE,À L'ÉQUILIBRE,BALANCE,À L'ÉQUILIBRE
N4168,"Program officers unique to government & Other professional occupations in social science, n.e.c.","Agents/agentes de programmes propres au gouvernement; Autres professionnels/professionnelles des sciences sociales, n.c.a..",16500,1700,3200,700,5600,5200,500,-500,5200,BALANCE,À L'ÉQUILIBRE,BALANCE,À L'ÉQUILIBRE
N4211,Paralegal and related occupations,Techniciens/techniciennes juridiques et personnel assimilé.,24400,3300,3900,1000,8100,8700,1300,-2000,8000,BALANCE,À L'ÉQUILIBRE,BALANCE,À L'ÉQUILIBRE
N4212,Social and community service workers,Travailleurs/travailleuses des services sociaux et communautaires.,130900,27400,21600,5300,54300,45700,8500,1000,55200,BALANCE,À L'ÉQUILIBRE,BALANCE,À L'ÉQUILIBRE
N4214,Early childhood educators and assistants,Éducateurs/éducatrices et aides-éducateurs/aides-éducatrices de la petite enfance.,235800,41100,38400,9500,89000,75200,22700,-12100,85900,BALANCE,À L'ÉQUILIBRE,BALANCE,À L'ÉQUILIBRE
N4215,Instructors of persons with disabilities,Instructeurs/instructrices pour personnes ayant une déficience.,9100,-100,1400,300,1600,2500,800,-1900,1400,BALANCE,À L'ÉQUILIBRE,BALANCE,À L'ÉQUILIBRE
N4216,Other instructors & Other religious occupations,Autres instructeurs/instructrices; Autre personnel relié à la religion.,32000,2000,4900,1200,8200,8700,3600,-1400,10800,BALANCE,À L'ÉQUILIBRE,SURPLUS,SURPLUS
N4311,Police officers (except commissioned),Policiers/policières (sauf cadres supérieurs).,67900,6500,14300,2300,23000,15700,1800,4300,21800,BALANCE,À L'ÉQUILIBRE,BALANCE,À L'ÉQUILIBRE
N4312,Firefighters & Non-commissioned ranks of the Canadian Forces,Pompiers/pompières; Sous-officiers/sous-officières des Forces canadiennes.,30400,2900,6400,1100,10300,5900,800,2700,9400,BALANCE,À L'ÉQUILIBRE,BALANCE,À L'ÉQUILIBRE
N4411,Home child care providers,Gardiens/gardiennes d'enfants en milieu familial.,52600,4400,13500,2500,20400,18300,21900,-21400,18800,BALANCE,À L'ÉQUILIBRE,BALANCE,À L'ÉQUILIBRE
N4412,"Home support workers, housekeepers and related occupations","Aides familiaux résidents/aides familiales résidentes, aides de maintien à domicile et personnel assimilé.",81200,11600,21300,4000,36900,16500,11600,7500,35700,BALANCE,À L'ÉQUILIBRE,BALANCE,À L'ÉQUILIBRE
N4413,Elementary and secondary school teacher assistants,Aides-enseignants/aides-enseignantes aux niveaux primaire et secondaire.,98200,9400,25200,4800,39300,17900,5200,14000,37100,BALANCE,À L'ÉQUILIBRE,BALANCE,À L'ÉQUILIBRE
N4420,Legal and public protection support occupations,Personnel juridique et de soutien des services de protection public,36600,3500,4800,1500,9700,8600,900,-300,9200,BALANCE,À L'ÉQUILIBRE,BALANCE,À L'ÉQUILIBRE
N5110,"Librarians, archivists, conservators and curators","Professionnels/professionnelles des bibliothèques, des archives, des musées et des galeries d'art",18100,300,4100,800,5200,4500,1100,-200,5400,BALANCE,À L'ÉQUILIBRE,BALANCE,À L'ÉQUILIBRE
N5121,Authors and writers; Editors & Journalists,"Auteurs/auteures, rédacteurs/rédactrices et écrivains/écrivaines; Réviseurs/réviseures, rédacteurs-réviseurs/rédactrices-réviseures et chefs du service des nouvelles; Journalistes.",54300,4000,9900,2500,16400,16900,4700,-5700,15800,BALANCE,À L'ÉQUILIBRE,BALANCE,À L'ÉQUILIBRE
N5125,"Translators, terminologists and interpreters","Traducteurs/traductrices, terminologues et interprètes.",19800,2400,3700,900,7000,5100,3300,-1200,7300,BALANCE,À L'ÉQUILIBRE,BALANCE,À L'ÉQUILIBRE
N5131,"Producers, directors, choreographers and related occupations & Conductors, composers and arrangers","Producteurs/productrices, réalisateurs/réalisatrices, chorégraphes et personnel assimilé; Chefs d'orchestre, compositeurs/compositrices et arrangeurs/arrangeuses.",31600,1800,6500,1600,9800,11600,2200,-2100,11600,BALANCE,À L'ÉQUILIBRE,SURPLUS,SURPLUS
N5133,"Musicians and singers; Dancers; Actors and comedians & Painters, sculptors and other visual artists","Musiciens/musiciennes et chanteurs/chanteuses; Danseurs/danseuses; Acteurs/actrices et comédiens/comédiennes; Peintres, sculpteurs/sculpteures et autres artistes des arts visuels.",76100,5100,15700,3800,24700,19100,5900,-700,24200,BALANCE,À L'ÉQUILIBRE,BALANCE,À L'ÉQUILIBRE
N5210,"Technical occupations in libraries, public archives, museums and art galleries","Personnel technique des bibliothèques, des archives publiques, des musées et des galeries d'art",18400,1200,5600,900,7700,8600,700,-2100,7200,BALANCE,À L'ÉQUILIBRE,BALANCE,À L'ÉQUILIBRE
N5221,Photographers,Photographes.,20900,2000,1700,800,4500,7200,1100,-3100,5200,BALANCE,À L'ÉQUILIBRE,BALANCE,À L'ÉQUILIBRE
N5222,"Film/video camera operators; Graphic arts technician; Broadcast technician; Audio/video recording technician; Other tech. / co-ord. occupations in motion picture, broadcasting, arts & Support occupations in motion picture, broadcasting, photography and the performing arts","Cadreurs/cadreuses de films et cadreurs/cadreuses vidéo; Techniciens/techniciennes en graphisme; Techniciens/techniciennes en radiotélédiffusion; Techniciens/techniciennes en enregistrement audio et vidéo; Autre personnel technique et personnel de coordination du cinéma, de la radiotélédiffusion et des arts de la scène; Personnel de soutien du cinéma, de la radiotélédiffusion, de la photographie et des arts de la scène. ",33500,1900,2700,1300,5900,15200,3000,-9400,8900,BALANCE,À L'ÉQUILIBRE,SURPLUS,SURPLUS
N5230,"Announcers and other performers, n.e.c.","Annonceurs/annonceures et autres artistes de spectacle, n.c.a.",11300,500,1200,600,2200,5400,600,-3100,2900,BALANCE,À L'ÉQUILIBRE,SURPLUS,SURPLUS
N5241,Graphic designers and illustrators,Designers graphiques et illustrateurs/illustratrices.,73000,8000,6500,2900,17300,29500,5600,-3400,31600,BALANCE,À L'ÉQUILIBRE,SURPLUS,SURPLUS
N5242,Interior designers and interior decorators,Designers d'intérieur et décorateurs/décoratrices d'intérieur.,24100,2600,2400,900,6000,9900,1600,-4100,7500,BALANCE,À L'ÉQUILIBRE,SURPLUS,SURPLUS
N5243,"Theatre, fashion, exhibit and other creative designers & Artisans and craftspersons; Patternmakers - textile, leather and fur products","Ensembliers/ensemblières de théâtre, dessinateurs/dessinatrices de mode, concepteurs/conceptrices d'expositions et autres concepteurs/conceptrices artistiques; Artisans/artisanes; Patronniers/patronnières de produits textiles et d'articles en cuir et en fourrure.",22200,400,1900,800,3100,6800,2400,-5800,3400,BALANCE,À L'ÉQUILIBRE,BALANCE,À L'ÉQUILIBRE
N5250,"Athletes, coaches, referees and related occupations","Athlètes, entraîneurs/entraîneuses, arbitres et personnel assimilé des sports et des loisirs",141800,21600,5700,4400,31700,84700,3800,-39200,49200,BALANCE,À L'ÉQUILIBRE,SURPLUS,SURPLUS
N6211,Retail sales supervisors,Superviseurs/superviseures des ventes - commerce de détail.,192700,11700,29900,7100,48800,50100,4100,-5000,49200,BALANCE,À L'ÉQUILIBRE,BALANCE,À L'ÉQUILIBRE
N6221,Technical sales specialists - wholesale trade,Spécialistes des ventes techniques - commerce de gros.,122100,1300,27000,5200,33500,21400,4900,5900,32100,BALANCE,À L'ÉQUILIBRE,BALANCE,À L'ÉQUILIBRE
N6222,Retail and wholesale buyers,Acheteurs/acheteuses des commerces de détail et de gros.,28100,2400,7000,1600,11100,6700,3600,900,11200,BALANCE,À L'ÉQUILIBRE,BALANCE,À L'ÉQUILIBRE
N6231,Insurance agents and brokers,Agents/agentes et courtiers/courtières d'assurance.,70000,3000,17200,3900,24100,12700,4000,7400,24200,BALANCE,À L'ÉQUILIBRE,BALANCE,À L'ÉQUILIBRE
N6232,Real estate agents and salespersons,Agents/agentes et vendeurs/vendeuses en immobilier.,88900,8200,22400,5100,35700,11700,2400,20200,34300,BALANCE,À L'ÉQUILIBRE,BALANCE,À L'ÉQUILIBRE
N6235,Financial sales representatives,Représentants/représentantes des ventes financières.,59700,2500,14200,3000,19700,19800,5000,-5300,19400,BALANCE,À L'ÉQUILIBRE,BALANCE,À L'ÉQUILIBRE
N6311,Food service supervisors,Superviseurs/superviseures des services alimentaires.,67900,8000,11000,2600,21600,28800,4500,-11600,21700,BALANCE,À L'ÉQUILIBRE,BALANCE,À L'ÉQUILIBRE
N6312,"Executive housekeepers & Accommodation, travel, tourism and related services supervisors; Customer and information services supervisors; Cleaning supervisors; Other services supervisors","Gouvernants principaux/gouvernantes principales; Superviseurs/superviseures des services d'hébergement, de voyages, de tourisme et des services connexes; Superviseurs/superviseures des services d'information et des services à la clientèle; Surveillants/surveillantes des services de nettoyage; Surveillants/surveillantes des autres services. ; ",113200,9100,21700,4500,35300,17500,4500,12100,34100,BALANCE,À L'ÉQUILIBRE,BALANCE,À L'ÉQUILIBRE
N6321,Chefs,Chefs.,59600,13600,8400,2300,24300,17800,10600,-5700,22700,BALANCE,À L'ÉQUILIBRE,BALANCE,À L'ÉQUILIBRE
N6322,Cooks,Cuisiniers/cuisinières.,191300,14900,24800,6900,46600,80100,26100,-51300,54900,BALANCE,À L'ÉQUILIBRE,SURPLUS,SURPLUS
N6331,"Butchers, meat cutters and fishmongers - retail and wholesale","Bouchers/bouchères, coupeurs/coupeuses de viande et poissonniers/poissonnières - commerce de gros et de détail.",47700,4600,8000,1700,14300,17500,1800,-4700,14500,BALANCE,À L'ÉQUILIBRE,BALANCE,À L'ÉQUILIBRE
N6332,Bakers,Boulangers-pâtissiers/boulangères-pâtissières.,43800,1800,7100,1600,10500,13900,7900,-9000,12800,BALANCE,À L'ÉQUILIBRE,SURPLUS,SURPLUS
N6341,Hairstylists and barbers,Coiffeurs/coiffeuses et barbiers/barbières.,101200,9600,12100,4600,26300,34300,6300,-15900,24700,BALANCE,À L'ÉQUILIBRE,BALANCE,À L'ÉQUILIBRE
N6342,"Tailors, dressmakers, furriers and milliners & Shoe repairers and shoemakers; Jewellers, jewellery and watch repairers and related occupations; Upholsterers; Funeral directors and embalmers","Tailleurs/tailleuses, couturiers/couturières, fourreurs/fourreuses et modistes; Cordonniers/cordonnières et fabricants/fabricantes de chaussures; Bijoutiers/bijoutières, réparateurs/réparatrices de bijoux, horlogers-rhabilleurs/horlogères-rhabilleuses et personnel assimilé; Tapissiers-garnisseurs/tapissières-garnisseuses; Directeurs/directrices de funérailles et embaumeurs/embaumeuses. ; ",33400,1100,10800,1800,13700,5400,2200,4900,12500,SURPLUS,SURPLUS,SURPLUS,SURPLUS
N6411,Sales and account representatives - wholesale trade (non-technical),Représentants/représentantes des ventes et des comptes - commerce de gros (non-technique).,252100,24200,48700,12100,85100,55700,6700,23600,86000,BALANCE,À L'ÉQUILIBRE,BALANCE,À L'ÉQUILIBRE
N6421,Retail salespersons,Vendeurs/vendeuses - commerce de détail.,554000,14600,81800,21000,117300,245400,45400,-184700,106100,BALANCE,À L'ÉQUILIBRE,BALANCE,À L'ÉQUILIBRE
N6511,Maîtres d'hôtel and hosts/hostesses,Maîtres d'hôtel et hôtes/hôtesses.,52600,7900,3000,1600,12400,30900,600,-18500,13000,BALANCE,À L'ÉQUILIBRE,BALANCE,À L'ÉQUILIBRE
N6512,Bartenders,Barmans/barmaids.,35200,-400,1900,1000,2500,16700,1100,-16100,1800,BALANCE,À L'ÉQUILIBRE,BALANCE,À L'ÉQUILIBRE
N6513,Food and beverage servers,Serveurs/serveuses d'aliments et de boissons.,209800,13500,11500,6200,31200,115600,13100,-96100,32600,BALANCE,À L'ÉQUILIBRE,BALANCE,À L'ÉQUILIBRE
N6521,Travel counsellors,Conseillers/conseillères en voyages.,20700,-900,2800,700,2600,5800,2500,-6000,2300,BALANCE,À L'ÉQUILIBRE,BALANCE,À L'ÉQUILIBRE
N6522,Pursers and flight attendants,Commissaires et agents/agentes de bord.,10600,-100,1400,400,1700,4400,400,-3200,1600,BALANCE,À L'ÉQUILIBRE,BALANCE,À L'ÉQUILIBRE
N6523,"Airline ticket and service agents & Ground and water transport ticket agents, cargo service representatives and related clerks","Agents/agentes à la billetterie et aux services aériens; Agents/agentes à la billetterie, représentants/représentantes du service en matière de fret et personnel assimilé dans le transport routier et maritime.",13700,-200,1800,500,2100,3500,1000,-2300,2200,BALANCE,À L'ÉQUILIBRE,BALANCE,À L'ÉQUILIBRE
N6525,Hotel front desk clerks,Réceptionnistes d'hôtel.,25100,2200,3600,1000,6800,13900,2500,-9900,6500,BALANCE,À L'ÉQUILIBRE,BALANCE,À L'ÉQUILIBRE
N6530,Tourism and amusement services occupations,Personnel des services de tourisme et de loisirs,15400,1300,2400,700,4400,4400,1700,-900,5200,BALANCE,À L'ÉQUILIBRE,SURPLUS,SURPLUS
N6541,Security guards and related security service occupations,Agents/agentes de sécurité et personnel assimilé des services de sécurité.,120800,11300,25400,5800,42500,32000,13700,-4400,41300,BALANCE,À L'ÉQUILIBRE,BALANCE,À L'ÉQUILIBRE
N6551,Customer services representatives - financial institutions,Représentants/représentantes au service à la clientèle - institutions financières.,92000,1700,26400,3900,32000,41300,7600,-12800,36100,BALANCE,À L'ÉQUILIBRE,SURPLUS,SURPLUS
N6552,Other customer and information services representatives,Autres préposés/autres préposées aux services d'information et aux services à la clientèle.,167100,7000,30800,6400,44100,69300,14400,-38500,45200,SURPLUS,SURPLUS,SURPLUS,SURPLUS
N6561,"Image, social and other personal consultants; Pet groomers and animal care workers & Other personal service occupations","Conseillers/conseillères imagistes, conseillers mondains/conseillères mondaines et autres conseillers/conseillères en soins personnalisés; Soigneurs/soigneuses d'animaux et travailleurs/travailleuses en soins des animaux; Autre personnel de services personnalisés.",38200,6800,4300,1600,12700,15700,900,-3200,13500,BALANCE,À L'ÉQUILIBRE,BALANCE,À L'ÉQUILIBRE
N6562,"Estheticians, electrologists and related occupations","Esthéticiens/esthéticiennes, électrolystes et personnel assimilé.",49500,4600,5300,1900,11700,16700,4800,-7200,14300,BALANCE,À L'ÉQUILIBRE,SURPLUS,SURPLUS
N6611,Cashiers,Caissiers/caissières.,367900,30100,34400,11600,76100,167900,27900,-114800,81100,BALANCE,À L'ÉQUILIBRE,BALANCE,À L'ÉQUILIBRE
N6621,Service station attendants,Préposés/préposées de stations-service.,15500,-2100,2000,500,400,6300,1700,-7800,200,BALANCE,À L'ÉQUILIBRE,BALANCE,À L'ÉQUILIBRE
N6622,"Store shelf stockers, clerks and order fillers","Garnisseurs/garnisseuses de tablettes, commis et préposés/préposées aux commandes dans les magasins.",200200,18000,29000,7900,54900,85400,13800,-40500,58800,BALANCE,À L'ÉQUILIBRE,BALANCE,À L'ÉQUILIBRE
N6623,Other sales related occupations,Autre personnel assimilé des ventes.,35000,-3200,4600,1200,2600,10800,3300,-11400,2700,SURPLUS,SURPLUS,SURPLUS,SURPLUS
N6711,"Food counter attendants, kitchen helpers and related support occupations","Serveurs/serveuses au comptoir, aides de cuisine et personnel de soutien assimilé.",351200,33500,30900,10600,75000,164100,39400,-115000,88500,BALANCE,À L'ÉQUILIBRE,BALANCE,À L'ÉQUILIBRE
N6720,"Support occupations in accommodation, travel and amusement services","Personnel de soutien en services d'hébergement, de voyage et de loisirs",47000,6000,6300,2000,14200,25000,1500,-9500,16900,BALANCE,À L'ÉQUILIBRE,SURPLUS,SURPLUS
N6731,Light duty cleaners,Préposés/préposées à l'entretien ménager et au nettoyage - travaux légers.,231100,21900,57800,12000,91700,38500,36300,10500,85300,BALANCE,À L'ÉQUILIBRE,BALANCE,À L'ÉQUILIBRE
N6732,Specialized cleaners,Nettoyeurs spécialisés/nettoyeuses spécialisées.,43800,3100,10800,2300,16100,17300,3100,-5300,15100,BALANCE,À L'ÉQUILIBRE,BALANCE,À L'ÉQUILIBRE
N6733,"Janitors, caretakers and building superintendents",Concierges et surintendants/surintendantes d'immeubles.,202400,8400,49400,10200,68000,30400,17100,11900,59400,BALANCE,À L'ÉQUILIBRE,BALANCE,À L'ÉQUILIBRE
N6740,"Other service support and related occupations, n.e.c.","Autres services de soutien et personnel assimilé, n.c.a.",52800,-1000,13100,2800,14900,13800,4900,-3700,15100,BALANCE,À L'ÉQUILIBRE,BALANCE,À L'ÉQUILIBRE
N7201,"Contractors and supervisors, machining, metal forming, shaping and erecting trades and related occupations","Entrepreneurs/entrepreneuses et contremaîtres/contremaîtresses des machinistes et du personnel des métiers du formage, du profilage et du montage des métaux et personnel assimilé.",18500,2100,4600,900,7600,1400,200,5400,7000,BALANCE,À L'ÉQUILIBRE,BALANCE,À L'ÉQUILIBRE
N7202,"Contractors and supervisors, electrical trades and telecommunications occupations",Entrepreneurs/entrepreneuses et contremaîtres/contremaîtresses en électricité et en télécommunications.,27100,2500,6700,1300,10400,3200,800,4700,8600,BALANCE,À L'ÉQUILIBRE,SHORTAGE,PÉNURIE
N7203,"Contractors and supervisors, pipefitting trades",Entrepreneurs/entrepreneuses et contremaîtres/contremaîtresses en tuyauterie.,9200,900,2300,400,3500,1000,100,2300,3300,BALANCE,À L'ÉQUILIBRE,BALANCE,À L'ÉQUILIBRE
N7204,"Contractors and supervisors, carpentry trades",Entrepreneurs/entrepreneuses et contremaîtres/contremaîtresses en charpenterie.,25100,2400,6200,1200,9800,4600,500,4400,9500,BALANCE,À L'ÉQUILIBRE,BALANCE,À L'ÉQUILIBRE
N7205,"Contractors and supervisors, other construction trades, installers, repairers and servicers",Entrepreneurs/entrepreneuses et contremaîtres/contremaîtresses des autres métiers de la construction et des services de réparation et d'installation.,70700,6300,17200,3200,26800,9200,1600,14800,25600,BALANCE,À L'ÉQUILIBRE,BALANCE,À L'ÉQUILIBRE
N7231,Machinists and machining and tooling inspectors & Tool and die makers,Machinistes et vérificateurs/vérificatrices d'usinage et d'outillage; Outilleurs-ajusteurs/outilleuses-ajusteuses.,51900,4000,11200,2500,17600,9300,3100,3700,16100,BALANCE,À L'ÉQUILIBRE,BALANCE,À L'ÉQUILIBRE
N7233,Sheet metal workers; Boilermakers; Structural metal and platework fabricators and fitters & Ironworkers,Tôliers/tôlières; Chaudronniers/chaudronnières; Assembleurs/assembleuses et ajusteurs/ajusteuses de plaques et de charpentes métalliques; Monteurs/monteuses de charpentes métalliques.,44700,4600,6000,1600,12200,17600,1200,-6700,12100,BALANCE,À L'ÉQUILIBRE,BALANCE,À L'ÉQUILIBRE
N7237,Welders and related machine operators,Soudeurs/soudeuses et opérateurs/opératrices de machines à souder et à braser.,102700,13000,14000,3700,30800,35000,6700,-11400,30300,SHORTAGE,PÉNURIE,SHORTAGE,PÉNURIE
N7241,Electricians (except industrial and power system),Électriciens/électriciennes (sauf électriciens industriels/électriciennes industrielles et de réseaux électriques).,93900,15200,20200,3700,39100,44800,3900,-10700,38000,BALANCE,À L'ÉQUILIBRE,BALANCE,À L'ÉQUILIBRE
N7242,Industrial electricians & Power system electricians,Électriciens industriels/électriciennes industrielles; Électriciens/électriciennes de réseaux électriques.,33700,4000,7200,1300,12500,8100,900,1200,10200,SHORTAGE,PÉNURIE,SHORTAGE,PÉNURIE
N7244,Electrical power line and cable workers & Telecommunications line and cable workers,Monteurs/monteuses de lignes électriques et de câbles; Monteurs/monteuses de lignes et de câbles de télécommunications.,25000,2000,5200,900,8200,7100,900,0,8000,BALANCE,À L'ÉQUILIBRE,BALANCE,À L'ÉQUILIBRE
N7246,Telecommunications installation and repair workers & Cable television service and maintenance technician,Installateurs/installatrices et réparateurs/réparatrices de matériel de télécommunications; Techniciens/techniciennes en montage et en entretien d'installations de câblodistribution.,27300,1300,5700,1000,8000,6300,2900,-900,8300,BALANCE,À L'ÉQUILIBRE,BALANCE,À L'ÉQUILIBRE
N7251,Plumbers,Plombiers/plombières.,48900,6000,6100,1700,13900,22600,2100,-10400,14300,BALANCE,À L'ÉQUILIBRE,BALANCE,À L'ÉQUILIBRE
N7252,"Steamfitters, pipefitters and sprinkler system installers & Gas fitters","Tuyauteurs/tuyauteuses, monteurs/monteuses d'appareils de chauffage et poseurs/poseuses de gicleurs; Monteurs/monteuses d'installations au gaz.",36500,4000,4500,1300,9800,12400,900,-3600,9700,SHORTAGE,PÉNURIE,SHORTAGE,PÉNURIE
N7271,Carpenters,Charpentiers-menuisiers/charpentières-menuisières.,130100,12300,22500,5000,39800,48800,8100,-14600,42200,BALANCE,À L'ÉQUILIBRE,BALANCE,À L'ÉQUILIBRE
N7272,Cabinetmakers,Ébénistes.,13100,600,2200,500,3300,3700,1900,-2200,3500,SURPLUS,SURPLUS,SURPLUS,SURPLUS
N7281,Bricklayers,Briqueteurs-maçons/briqueteuses-maçonnes.,16100,1600,1900,600,4100,6900,1700,-5000,3500,BALANCE,À L'ÉQUILIBRE,BALANCE,À L'ÉQUILIBRE
N7282,Concrete finishers & Tilesetters,Finisseurs/finisseuses de béton; Carreleurs/carreleuses.,25400,2600,2900,900,6400,6400,2400,-3500,5400,BALANCE,À L'ÉQUILIBRE,BALANCE,À L'ÉQUILIBRE
N7284,"Plasterers, drywall installers and finishers and lathers","Plâtriers/plâtrières, poseurs/poseuses et finisseurs/finisseuses de systèmes intérieurs et latteurs/latteuses.",36200,3800,4100,1300,9200,7300,3000,-800,9400,BALANCE,À L'ÉQUILIBRE,BALANCE,À L'ÉQUILIBRE
N7291,Roofers and shinglers,Couvreurs/couvreuses et poseurs/poseuses de bardeaux.,21900,2300,3400,900,6600,8600,1700,-2300,8000,BALANCE,À L'ÉQUILIBRE,SURPLUS,SURPLUS
N7292,Glaziers & Insulators,Vitriers/vitrières; Calorifugeurs/calorifugeuses.,20300,2000,3200,800,6000,5500,1800,-700,6700,BALANCE,À L'ÉQUILIBRE,BALANCE,À L'ÉQUILIBRE
N7294,Painters and decorators (except interior decorators),Peintres et décorateurs/décoratrices (sauf décorateurs/décoratrices d'intérieur).,44100,4300,6900,1800,12900,10200,4400,700,15200,BALANCE,À L'ÉQUILIBRE,SURPLUS,SURPLUS
N7295,Floor covering installers,Poseurs/poseuses de revêtements d'intérieur.,13100,1300,2100,500,3900,2200,1800,-300,3700,BALANCE,À L'ÉQUILIBRE,BALANCE,À L'ÉQUILIBRE
N7301,"Contractors and supervisors, mechanic trades & Supervisors, printing and related occupations",Entrepreneurs/entrepreneuses et contremaîtres/contremaîtresses en mécanique; Surveillants/surveillantes de l'imprimerie et du personnel assimilé.,68000,4400,16600,3100,24200,5400,800,15600,21800,BALANCE,À L'ÉQUILIBRE,BALANCE,À L'ÉQUILIBRE
N7302,"Contractors and supervisors, heavy equipment operator crews",Entrepreneurs/entrepreneuses et contremaîtres/contremaîtresses des équipes d'opérateurs d'équipement lourd.,41700,4000,10300,2000,16200,4100,800,8700,13600,BALANCE,À L'ÉQUILIBRE,SHORTAGE,PÉNURIE
N7304,"Supervisors, railway transport operations & Supervisors, motor transport and other ground transit operators",Surveillants/surveillantes des opérations du transport ferroviaire; Surveillants/surveillantes du transport routier et du transport en commun.,39500,3700,11200,2000,16900,2400,200,13400,16000,BALANCE,À L'ÉQUILIBRE,BALANCE,À L'ÉQUILIBRE
N7311,Construction millwrights and industrial mechanics,Mécaniciens/mécaniciennes de chantier et mécaniciens industriels/mécaniciennes industrielles.,82700,2600,20300,3400,26300,16300,2800,5800,24800,BALANCE,À L'ÉQUILIBRE,BALANCE,À L'ÉQUILIBRE
N7312,Heavy-duty equipment mechanics,Mécaniciens/mécaniciennes d'équipement lourd.,62500,5500,15700,2600,23800,19800,1500,2500,23800,BALANCE,À L'ÉQUILIBRE,BALANCE,À L'ÉQUILIBRE
N7313,Refrigeration and air conditioning mechanics; machine fitters & Elevator constructors and mechanics,Mécaniciens/mécaniciennes en réfrigération et en climatisation; Ajusteurs/ajusteuses de machines; Constructeurs/constructrices et mécaniciens/mécaniciennes d'ascenseurs.,36200,4100,9100,1500,14800,10600,1300,2700,14700,BALANCE,À L'ÉQUILIBRE,BALANCE,À L'ÉQUILIBRE
N7314,Railway carmen/women & Aircraft mechanics and aircraft inspectors,Réparateurs/réparatrices de wagons; Mécaniciens/mécaniciennes et contrôleurs/contrôleuses d'aéronefs.,15900,1400,4000,700,6100,3600,900,2100,6600,BALANCE,À L'ÉQUILIBRE,BALANCE,À L'ÉQUILIBRE
N7321,"Automotive service technician, truck and bus mechanics and mechanical repairers","Mécaniciens/mécaniciennes et réparateurs/réparatrices de véhicules automobiles, de camions et d'autobus.",120800,4300,22400,4600,31300,35900,7100,-13700,29300,BALANCE,À L'ÉQUILIBRE,BALANCE,À L'ÉQUILIBRE
N7322,Motor vehicle body repairers,Débosseleurs/débosseleuses et réparateurs/réparatrices de carrosserie.,28500,-1100,5100,1000,5000,7000,1200,-3400,4900,SURPLUS,SURPLUS,SURPLUS,SURPLUS
N7330,Other mechanics and related repairers,Autres mécaniciens/mécaniciennes et réparateurs/réparatrices connexes,31100,1800,7600,1500,10900,7100,1100,2500,10700,BALANCE,À L'ÉQUILIBRE,BALANCE,À L'ÉQUILIBRE
N7360,Train crew operating occupations,Personnel des opérations du transport ferroviaire,12500,100,2300,500,2900,2800,100,300,3200,BALANCE,À L'ÉQUILIBRE,BALANCE,À L'ÉQUILIBRE
N7370,"Crane operators, drillers and blasters","Grutiers/grutières, foreurs/foreuses et dynamiteurs/dynamiteuses",21400,900,4200,900,6000,3700,500,1300,5600,BALANCE,À L'ÉQUILIBRE,BALANCE,À L'ÉQUILIBRE
N7380,"Printing press operators and other trades and related occupations, n.e","Personnel de l'imprimerie, autre personnel des métiers et personnel assimilé, n.c.a.",26300,-3100,7000,1200,5000,3700,900,-400,4200,SURPLUS,SURPLUS,SURPLUS,SURPLUS
N7441,Residential and commercial installers and servicers,"Personnel d'installation, d'entretien et de réparation d'équipement résidentiel et commercial.",45700,5000,7200,1700,13900,16100,3500,-5100,14500,BALANCE,À L'ÉQUILIBRE,BALANCE,À L'ÉQUILIBRE
N7442,"Waterworks and gas maintenance workers; Pest controllers and fumigators & Other installers, repairers and servicers",Personnel d'entretien des canalisations d'eau et de gaz; Fumigateurs/fumigatrices et préposés/préposées au contrôle de la vermine; Autres réparateurs/réparatrices et préposés/préposées à l'entretien.,26100,1800,4000,1000,6800,6200,1100,-900,6300,BALANCE,À L'ÉQUILIBRE,BALANCE,À L'ÉQUILIBRE
N7450,Longshore workers and material handlers,Débardeurs/débardeuses et manutentionnaires,184100,4800,35800,7300,47900,58500,18700,-28700,48600,BALANCE,À L'ÉQUILIBRE,BALANCE,À L'ÉQUILIBRE
N7511,Transport truck drivers,Conducteurs/conductrices de camions de transport.,317100,36000,82100,17700,135900,36400,16900,55700,109000,SHORTAGE,PÉNURIE,SHORTAGE,PÉNURIE
N7512,"Bus drivers, subway operators and other transit operators",Conducteurs/conductrices d'autobus et opérateurs/opératrices de métro et autres transports en commun.,93300,8400,23900,5100,37500,3000,3300,30500,36700,BALANCE,À L'ÉQUILIBRE,BALANCE,À L'ÉQUILIBRE
N7513,Taxi and limousine drivers and chauffeurs,"Chauffeurs/chauffeuses de taxi, chauffeurs/chauffeuses de limousine et chauffeurs/chauffeuses.",46800,4100,12000,2600,18700,2700,5800,9600,18100,BALANCE,À L'ÉQUILIBRE,BALANCE,À L'ÉQUILIBRE
N7514,Delivery and courier service drivers,Chauffeurs-livreurs/chauffeuses-livreuses - services de livraison et de messagerie.,62500,-600,15200,3300,17800,11900,6800,-2100,16600,BALANCE,À L'ÉQUILIBRE,BALANCE,À L'ÉQUILIBRE
N7521,Heavy equipment operators(except crane),Conducteurs/conductrices d'équipement lourd (sauf les grues).,78600,6700,17100,3800,27600,15600,1700,8800,26200,BALANCE,À L'ÉQUILIBRE,BALANCE,À L'ÉQUILIBRE
N7522,Public works maintenance equipment operators and related workers,Conducteurs/conductrices de machinerie d'entretien public et personnel assimilé.,29200,2900,6300,1400,10600,4100,500,5700,10300,BALANCE,À L'ÉQUILIBRE,BALANCE,À L'ÉQUILIBRE
N7530,Other transport equipment operators and related maintenance workers,Autres conducteurs/conductrices de matériel de transport et personnel d'entretien assimilé,40400,1300,6000,1500,8800,18500,1800,-10300,10000,BALANCE,À L'ÉQUILIBRE,BALANCE,À L'ÉQUILIBRE
N7610,Trades helpers and labourers,Aides de soutien des métiers et manoeuvres,139100,12100,16800,4800,33700,76500,11900,-41900,46500,BALANCE,À L'ÉQUILIBRE,SURPLUS,SURPLUS
N7620,"Public works and other labourers, n.e.c.","Manoeuvres aux travaux publics et personnel assimilé, n.c.a.",23600,-100,4200,900,5000,6800,1100,-3300,4700,SURPLUS,SURPLUS,SURPLUS,SURPLUS
N8211,"Supervisors, logging and forestry",Surveillants/surveillantes de l'exploitation forestière.,5000,200,1500,200,1900,500,0,1400,1900,BALANCE,À L'ÉQUILIBRE,BALANCE,À L'ÉQUILIBRE
N8220,"Contractors and supervisors, mining, oil and gas","Entrepreneurs/entrepreneuses et surveillants/surveillantes de l'exploitation des mines, du pétrole et du gaz",32400,1000,6800,1200,9000,3000,400,5300,8800,BALANCE,À L'ÉQUILIBRE,BALANCE,À L'ÉQUILIBRE
N8231,Underground production and development miners,"Mineurs/mineuses d'extraction et de préparation, mines souterraines.",20600,1400,3500,800,5700,3500,300,2200,5900,BALANCE,À L'ÉQUILIBRE,BALANCE,À L'ÉQUILIBRE
N8232,"Oil and gas well drillers, servicers, testers and related workers",Foreurs/foreuses et personnel de mise à l'essai et des autres services reliés à l'extraction de pétrole et de gaz.,32500,-400,5000,1100,5600,6200,600,-800,5900,BALANCE,À L'ÉQUILIBRE,BALANCE,À L'ÉQUILIBRE
N8241,Logging machinary operators,Conducteurs/conductrices de machines d'abattage d'arbres.,9700,300,2800,500,3700,2200,100,1300,3600,BALANCE,À L'ÉQUILIBRE,BALANCE,À L'ÉQUILIBRE
N8252,"Agricultural service contractors, farm supervisors and specialized livestock workers & Contractors and supervisors, landscaping, grounds maintenance and horticulture services","Entrepreneurs/entrepreneuses de services agricoles, surveillants/surveillantes d'exploitations agricoles et ouvriers spécialisés/ouvrières spécialisées dans l'élevage; Entrepreneurs/entrepreneuses et superviseurs/superviseures des services de l'aménagement paysager, de l'entretien des terrains et de l'horticulture.",51700,3000,17300,3900,24200,8500,1600,12000,22100,BALANCE,À L'ÉQUILIBRE,BALANCE,À L'ÉQUILIBRE
N8260,Fishing vessel masters and fishermen/women,Capitaines de bateaux de pêche et pêcheurs/pêcheuses,11300,-2900,4600,600,2300,1100,200,700,1900,SURPLUS,SURPLUS,SURPLUS,SURPLUS
N8410,Mine service workers and operatorsin oil and gas drilling,Personnel d'entretien des mines et du forage des puits de pétrole et de gaz,17300,200,1800,500,2500,6300,200,-3300,3100,BALANCE,À L'ÉQUILIBRE,BALANCE,À L'ÉQUILIBRE
N8420,Logging and forestry workers,Personnel de l'exploitation forestière,11300,400,4000,700,5100,2900,400,1300,4600,BALANCE,À L'ÉQUILIBRE,BALANCE,À L'ÉQUILIBRE
N8431,General farm workers,Ouvriers/ouvrières agricoles.,76400,-2200,9700,2700,10200,34800,5100,-25300,14600,BALANCE,À L'ÉQUILIBRE,SURPLUS,SURPLUS
N8432,Nursery and greenhouse workers,Ouvriers/ouvrières de pépinières et de serres.,17100,-200,2200,600,2600,5100,1700,-4300,2500,BALANCE,À L'ÉQUILIBRE,BALANCE,À L'ÉQUILIBRE
N8440,Other workers in fishing and trapping and hunting occupations,Autre personnel de la pêche et personnel du trappage et de la chasse,3500,-700,700,200,200,1800,0,-500,1300,SURPLUS,SURPLUS,SURPLUS,SURPLUS
N8611,Harvesting labourers; Aquaculture and marine harvest labourers & Logging and forestry labourers,Manoeuvres à la récolte; Manoeuvres de l'aquaculture et de la mariculture; Manoeuvres de l'exploitation forestière.,11500,-600,1600,400,1500,5000,3300,-6700,1600,SURPLUS,SURPLUS,SURPLUS,SURPLUS
N8612,Landscaping and grounds maintenance labourers,Manoeuvres en aménagement paysager et en entretien des terrains.,72500,6800,11100,2900,20700,47800,4500,-23900,28400,BALANCE,À L'ÉQUILIBRE,SURPLUS,SURPLUS
N8614,"Mine labourers & Oil and gas drilling, servicing and related labourers","Manoeuvres des mines; Manoeuvres de forage et d'entretien des puits de pétrole et de gaz, et personnel assimilé.",13700,-200,2000,500,2300,6900,600,-5000,2500,SURPLUS,SURPLUS,SURPLUS,SURPLUS
N9211,"Supervisors, mineral and metal processing & Supervisors, petroleum, gas and chemical processing and utilities","Surveillants/surveillantes dans la transformation des métaux et des minerais; Surveillants/surveillantes dans le raffinage du pétrole, dans le traitement du gaz et des produits chimiques et dans les services d'utilité publique.",30400,2900,8400,1400,12700,3900,900,7800,12600,BALANCE,À L'ÉQUILIBRE,BALANCE,À L'ÉQUILIBRE
N9213,"Supervisors, food, beverage and related products processing","Surveillants/surveillantes dans la transformation des aliments, des boissons et des produits connexes.",19700,1500,5400,900,7800,2000,1600,4100,7700,BALANCE,À L'ÉQUILIBRE,BALANCE,À L'ÉQUILIBRE
N9214,"Supervisors, plastic and rubber products manufacturing; Supervisors, forest products processing & Supervisors, textile, fabric, fur and leather products processing and manufacturing","Surveillants/surveillantes dans la fabrication de produits en caoutchouc et en plastique; Surveillants/surveillantes dans la transformation des produits forestiers; Surveillants/surveillantes dans la transformation et la fabrication de produits textiles, de tissus, de fourrure et de cuir.",27000,2000,7600,1200,10800,2500,800,7200,10500,SHORTAGE,PÉNURIE,SHORTAGE,PÉNURIE
N9220,"Supervisors, assembly and fabrication",Surveillants/surveillantes dans la fabrication et le montage,59500,2600,17300,2700,22600,5300,1300,14100,20700,BALANCE,À L'ÉQUILIBRE,BALANCE,À L'ÉQUILIBRE
N9230,Central control and process operatorsin processing and manufacturing,Opérateurs/opératrices de poste central de contrôle dans les procédés de transformation et de fabrication,14000,800,4400,500,5700,3900,1000,900,5700,SURPLUS,SURPLUS,SURPLUS,SURPLUS
N9240,Utilities equipment operators and controllers,Opérateurs/opératrices et contrôleurs/contrôleuses d'équipements d'utilités publiques,37300,2400,8300,1600,12300,7400,1000,3600,11900,BALANCE,À L'ÉQUILIBRE,BALANCE,À L'ÉQUILIBRE
N9410,machine operators and related workers in mineral and metal products pr,Opérateurs/opératrices de machines dans le traitement et la fabrication des métaux et des minerais et personnel assimilé,97200,5900,22900,4200,33000,18200,4000,9700,31900,BALANCE,À L'ÉQUILIBRE,BALANCE,À L'ÉQUILIBRE
N9420,"machine operators and related workers in chemical, plastic and rubber","Opérateurs/opératrices de machines dans le traitement de produits chimiques, du caoutchouc et du plastique et personnel assimilé",41700,2900,9500,1800,14200,7300,3100,4000,14400,BALANCE,À L'ÉQUILIBRE,BALANCE,À L'ÉQUILIBRE
N9431,Sawmill machine operators; Other wood processing machine operators; Lumber graders and other wood processing inspectors and graders & Woodworking machine operators,Opérateurs/opératrices de machines à scier dans les scieries; Autres opérateurs/opératrices de machines dans la transformation du bois; Classeurs/classeuses de bois d'oeuvre et autres vérificateurs/vérificatrices et classeurs/classeuses dans la transformation du bois; Opérateurs/opératrices de machines à travailler le bois.,22500,2600,6200,1100,10000,3800,600,5100,9500,BALANCE,À L'ÉQUILIBRE,BALANCE,À L'ÉQUILIBRE
N9432,Pulp mill machine operators; Papermaking and finishing machine operators& Paper converting machine operators,Opérateurs/opératrices de machines dans les usines de pâte à papier; Opérateurs/opératrices de machines dans la fabrication et la finition du papier; Opérateurs/opératrices de machines à façonner le papier.,18400,-1400,4900,900,4400,3000,500,1900,5400,BALANCE,À L'ÉQUILIBRE,SURPLUS,SURPLUS
N9441,"Textile fibre and yarn, hide and pelt processing machine operators and workers; Weavers, knitters and other fabric making occupations; Fabric, fur and leather cutters & Inspectors and graders, textile, fabric, fur and leather products manufacturing","Opérateurs/opératrices de machines et travailleurs/travailleuses de traitement des fibres et des fils textiles, du cuir et des peaux; Tisseurs/tisseuses, tricoteurs/tricoteuses et autres opérateurs/opératrices de machines textiles; Coupeurs/coupeuses de tissu, de fourrure et de cuir; Contrôleurs/contrôleuses et trieurs/trieuses dans la fabrication de produits textiles, de tissus, de fourrure et de cuir.",11700,-100,4000,600,4500,1600,900,2900,5500,BALANCE,À L'ÉQUILIBRE,SURPLUS,SURPLUS
N9446,Industrial sewing machine operators,Opérateurs/opératrices de machines à coudre industrielles.,16400,-1700,7900,800,7000,800,1800,5100,7600,SURPLUS,SURPLUS,SURPLUS,SURPLUS
N9461,"Process control and machine operators, food, beverage and related products processing; Fish and seafood plant workers & Testers and graders, food, beverage and related products processing","Opérateurs/opératrices de machines et de procédés industriels dans la transformation des aliments, des boissons et des produits connexes; Ouvriers/ouvrières dans les usines de transformation du poisson et de fruits de mer; Échantillonneurs/échantillonneuses et trieurs/trieuses dans la transformation des aliments, des boissons et des produits connexes.",57500,1500,13600,2400,17500,10400,4200,3100,17700,BALANCE,À L'ÉQUILIBRE,BALANCE,À L'ÉQUILIBRE
N9462,"Industrial butchers and meat cutters, poultry preparers and related workers","Bouchers industriels/bouchères industrielles, dépeceurs-découpeurs/dépeceuses-découpeuses de viande, préparateurs/préparatrices de volaille et personnel assimilé.",19600,1400,4800,800,7000,3100,3000,300,6400,BALANCE,À L'ÉQUILIBRE,BALANCE,À L'ÉQUILIBRE
N9470,Printing equipment operators and related occupations,Opérateurs/opératrices d'équipement à imprimer et personnel assimilé,18300,-1300,4700,800,4200,2400,1600,-200,3900,BALANCE,À L'ÉQUILIBRE,BALANCE,À L'ÉQUILIBRE
N9521,"Aircraft assemblers and aircraft assembly inspectors; Motor vehicle assemblers, inspectors and testers & Mechanical assemblers and inspectors","Monteurs/monteuses d'aéronefs et contrôleurs/contrôleuses de montage d'aéronefs; Assembleurs/assembleuses, contrôleurs/contrôleuses et vérificateurs/vérificatrices de véhicules automobiles; Monteurs/monteuses et contrôleurs/contrôleuses de matériel mécanique.",53200,3500,11400,2400,17300,8400,4500,2500,15400,BALANCE,À L'ÉQUILIBRE,BALANCE,À L'ÉQUILIBRE
N9523,"Electronics assemblers, fabricators, inspectors and testers","Assembleurs/assembleuses, monteurs/monteuses, contrôleurs/contrôleuses et vérificateurs/vérificatrices de matériel électronique.",22200,-100,4600,1000,5400,4900,2600,-800,6600,BALANCE,À L'ÉQUILIBRE,SURPLUS,SURPLUS
N9524,"Assemblers and inspectors, electrical appliance, apparatus and equipment manufacturing & Assemblers, fabricators and inspectors, industrial electrical motors and transformers","Monteurs/monteuses et contrôleurs/contrôleuses dans la fabrication de matériel, d'appareils et d'accessoires électriques; Assembleurs/assembleuses, monteurs/monteuses et contrôleurs/contrôleuses dans la fabrication de transformateurs et de moteurs électriques industriels; Opérateurs/opératrices de machines et contrôleurs/contrôleuses dans la fabrication d'appareils électriques.",19200,700,4100,900,5700,3800,1600,-200,5200,BALANCE,À L'ÉQUILIBRE,BALANCE,À L'ÉQUILIBRE
N9531,"Boat assemblers and inspectors; Plastic products assemblers, finishers and inspectors; Industrial painters, coaters and metal finishing process operators& Other products assemblers, finishers and inspectors","Monteurs/monteuses de bateaux et contrôleurs/contrôleuses de montage de bateaux; Assembleurs/assembleuses, finisseurs/finisseuses et contrôleurs/contrôleuses de produits en plastique; Peintres, enduiseurs/enduiseuses et opérateurs/opératrices de postes de contrôle dans le finissage du métal - secteur industriel; Monteurs/monteuses, finisseurs/finisseuses et contrôleurs/contrôleuses de produits divers.",60200,4200,15300,2800,22400,11900,4300,5200,21400,BALANCE,À L'ÉQUILIBRE,BALANCE,À L'ÉQUILIBRE
N9532,Furniture and fixture assemblers and inspectors;  Other wood products assemblers and inspectors & Furniture finishers and refinishers,Monteurs/monteuses et contrôleurs/contrôleuses de meubles et d'accessoires; Monteurs/monteuses et contrôleurs/contrôleuses d'autres produits en bois; Finisseurs/finisseuses et restaurateurs/restauratrices de meubles.,38600,2600,9900,1800,14300,8900,3900,200,13000,BALANCE,À L'ÉQUILIBRE,BALANCE,À L'ÉQUILIBRE
N9611,Labourers in mineral and metal processing & Labourers in metal fabrication,Manoeuvres dans le traitement des métaux et des minerais; Manoeuvres en métallurgie.,28300,2500,7400,1200,11100,10500,800,-200,11200,BALANCE,À L'ÉQUILIBRE,BALANCE,À L'ÉQUILIBRE
N9613,Labourers in chemical products processing and utilities & Labourers in rubber and plastic products manufacturing,Manoeuvres dans le traitement des produits chimiques et les services d'utilité publique; Manoeuvres dans la fabrication des produits en caoutchouc et en plastique.,14600,1100,3800,600,5600,4700,1400,-500,5600,BALANCE,À L'ÉQUILIBRE,BALANCE,À L'ÉQUILIBRE
N9614,"Labourers in wood, pulp and paper processing",Manoeuvres dans le traitement des pâtes et papiers et la transformation du bois.,19800,1700,5200,800,7700,6900,400,100,7400,BALANCE,À L'ÉQUILIBRE,BALANCE,À L'ÉQUILIBRE
N9616,"Labourers in textile processing & Other labourers in processing, manufacturing and utilities","Manoeuvres des produits du textile; Autres manoeuvres des services de transformation, de fabrication et d'utilité publique.",40900,-100,10100,1700,11700,11800,10100,-10600,11300,SURPLUS,SURPLUS,SURPLUS,SURPLUS
N9617,"Labourers in food, beverage and related products processing & Labourers in fish and seafood processing","Manoeuvres dans la transformation des aliments, des boissons et des produits connexes; Manoeuvres dans la transformation du poisson et des fruits de mer.",48700,1400,12200,2000,15600,11200,9900,-6400,14700,BALANCE,À L'ÉQUILIBRE,BALANCE,À L'ÉQUILIBRE
